{
  "pdf": "5G-fake-bs-defense (1).pdf",
  "persona": "A healthcare researcher focused on data-driven diagnostics, predictive analytics, and medical imaging using machine learning.",
  "matched_sections": [
    {
      "text": "Elisa Bertino Department of Computer Science Purdue University West Lafayette, Indiana, USA bertinopurdue.edu",
      "page": 1,
      "score": 0.223
    },
    {
      "text": "34 Paal Engelstad, Boning Feng, Thanh van Do, et al. 2016. Strengthening mobile network security using machine learning. In International Conference on Mobile Web and Information Systems. Springer, 173183.",
      "page": 12,
      "score": 0.185
    },
    {
      "text": "43 Jian Jin, ChangLiang Lian, and Ming Xu. 2019. Rogue Base Station Detection Using A Machine Learning Approach. In 2019 28th Wireless and Optical Communications Conference WOCC. IEEE, 15.",
      "page": 13,
      "score": 0.136
    },
    {
      "text": "Ankush Singla Department of Computer Science Purdue University West Lafayette, Indiana, USA asinglapurdue.edu",
      "page": 1,
      "score": 0.131
    },
    {
      "text": "22 Mihir Bellare and Philip Rogaway. 1993. Random oracles are practical: A paradigm for designing efficient protocols. In Proceedings of the 1st ACM conference on Computer and Communications Security CCS 93 Fairfax, Virginia, United States. ACM, NY, USA, 6273.",
      "page": 12,
      "score": 0.11
    }
  ]
}